Title,Link
Python Full Course for free 🐍,https://www.youtube.com/watch?v=ix9cRaBkVe0&pp=ygUPcHl0aG9uIHR1dG9yaWFs
Python Full Course for Beginners,https://www.youtube.com/watch?v=K5KVEU3aaeQ&t=56s&pp=ygUPcHl0aG9uIHR1dG9yaWFs
Python Full Course for Beginners,https://www.youtube.com/watch?v=_uQrJ0TkZlc&t=109s&pp=ygUPcHl0aG9uIHR1dG9yaWFs
Learn Python - Full Course for Beginners [Tutorial],https://www.youtube.com/watch?v=rfscVS0vtbw&pp=ygUPcHl0aG9uIHR1dG9yaWFs
Python Full Course for Beginners (13 Hours) – From Zero to Hero,https://www.youtube.com/watch?v=Rq5gJVxz55Q&pp=ygUPcHl0aG9uIHR1dG9yaWFs
Python Full Course for free 🐍,https://www.youtube.com/watch?v=XKHEtdqhLK8&pp=ygUPcHl0aG9uIHR1dG9yaWFs
Python Tutorial for Beginners 2026,https://www.youtube.com/watch?v=j_JuhAWlEaI&pp=ygUPcHl0aG9uIHR1dG9yaWFs
كورس لغة بايثون في 300 دقيقة | برمجة من الصفر,https://www.youtube.com/watch?v=ij6qQQlGKtE&pp=ygUPcHl0aG9uIHR1dG9yaWFs
Python Tutorial for Beginners - Learn Python in 5 Hours [FULL COURSE],https://www.youtube.com/watch?v=t8pPdKYpowI&pp=ygUPcHl0aG9uIHR1dG9yaWFs
Python for Beginners - Learn Coding with Python in 1 Hour,https://www.youtube.com/watch?v=kqtD5dpn9C8&pp=ygUPcHl0aG9uIHR1dG9yaWFs
